"","date","word","n"
"1","2020-09-19","bbnaija",2083
"2","2020-09-19","dm",593
"3","2020-09-19","lagos",558
"4","2020-09-19","bbnaijalockdown",487
"5","2020-09-19","send",461
"6","2020-09-19","price",443
"7","2020-09-19","delivery",414
"8","2020-09-19","size",397
"9","2020-09-19","‚",382
"10","2020-09-19","uauc",380
"11","2020-09-19","uf",380
"12","2020-09-19","follow",346
"13","2020-09-19","nigeria",323
"14","2020-09-19","bio",310
"15","2020-09-19","link",302
"16","2020-09-19","whatsapp",302
"17","2020-09-19","laycon",292
"18","2020-09-19","tundeednut",292
"19","2020-09-19","abuja",275
"20","2020-09-19","love",250
"21","2020-09-19","explorepage",243
"22","2020-09-19","naija",234
"23","2020-09-19","explore",217
"24","2020-09-19","bbn",216
"25","2020-09-19","fashion",207
"26","2020-09-19","kiddwaya",201
"27","2020-09-19","hustlersquare",200
"28","2020-09-19","nengi",188
"29","2020-09-19","uc",180
"30","2020-09-19","bellanaijaweddings",176
"31","2020-09-05","skin",33
"32","2020-09-04","vitamin",14
"33","2020-09-04","collagen",11
"34","2020-09-05","glutathione",11
"35","2020-09-04","mg",9
"36","2020-09-04","skin",9
"37","2020-09-05","capsules",9
"38","2020-09-05","‚",8
"39","2020-09-10","coffee",8
"40","2020-09-04","price",7
"41","2020-09-04","result",7
"42","2020-09-05","improves",7
"43","2020-09-05","price",7
"44","2020-09-07","helps",7
"45","2020-09-07","skin",7
"46","2020-09-04","injection",6
"47","2020-09-05","body",6
"48","2020-09-05","capsule",6
"49","2020-09-05","detoxification",6
"50","2020-09-05","formation",6
"51","2020-09-05","improved",6
"52","2020-09-05","metabolism",6
"53","2020-09-05","notice",6
"54","2020-09-05","process",6
"55","2020-09-05","time",6
"56","2020-09-05","uv",6
"57","2020-09-05","whitening",6
"58","2020-09-18","bbnaija",6
"59","2020-09-18","brandinfluencer",6
"60","2020-09-18","brandingdesign",6
"61","2020-09-18","logo",6
"62","2020-09-18","logomaker",6
"63","2020-09-04","glutathione",5
"64","2020-09-04","lachel",5
"65","2020-09-04","recommended",5
"66","2020-09-04","supplement",5
"67","2020-09-04","week",5
"68","2020-09-05","acorbic",5
"69","2020-09-05","alada",5
"70","2020-09-05","bbnaija",5
"71","2020-09-05","bbnaijalive",5
"72","2020-09-05","bodysecrets",5
"73","2020-09-05","damage",5
"74","2020-09-05","erica",5
"75","2020-09-05","frozencollagen",5
"76","2020-09-05","frozendetox",5
"77","2020-09-05","glutaberry",5
"78","2020-09-05","glutanex",5
"79","2020-09-05","glutawhite",5
"80","2020-09-05","hellobabes",5
"81","2020-09-05","jaw",5
"82","2020-09-05","jawwhiteeggcrystalskin",5
"83","2020-09-05","lachel",5
"84","2020-09-05","legallyflawlessbeautywhiteningflawlessskin",5
"85","2020-09-05","maca",5
"86","2020-09-05","miraclewhite",5
"87","2020-09-05","nengi",5
"88","2020-09-05","neocell",5
"89","2020-09-05","satinskinz",5
"90","2020-09-05","slimmingdetoxtea",5
"91","2020-09-05","snowwhite",5
"92","2020-09-05","supplement",5
"93","2020-09-05","ultimatemaca",5
"94","2020-09-05","vitaminc",5
"95","2020-09-05","whiteninginjection",5
"96","2020-09-05","whiteningpills",5
"97","2020-09-10","weight",5
"98","2020-09-04","acorbic",4
"99","2020-09-04","alada",4
"100","2020-09-04","antioxidant",4
"101","2020-09-04","bbnaija",4
"102","2020-09-04","bbnaijalive",4
"103","2020-09-04","bodysecrets",4
"104","2020-09-04","dosage",4
"105","2020-09-04","erica",4
"106","2020-09-04","frozencollagen",4
"107","2020-09-04","frozendetox",4
"108","2020-09-04","glutaberry",4
"109","2020-09-04","glutanex",4
"110","2020-09-04","glutawhite",4
"111","2020-09-04","hellobabes",4
"112","2020-09-04","immune",4
"113","2020-09-04","jaw",4
"114","2020-09-04","jawwhiteeggcrystalskin",4
"115","2020-09-04","legallyflawlessbeautywhiteningflawlessskin",4
"116","2020-09-04","maca",4
"117","2020-09-04","miraclewhite",4
"118","2020-09-04","naira",4
"119","2020-09-04","nengi",4
"120","2020-09-04","neocell",4
"121","2020-09-04","satinskinz",4
"122","2020-09-04","slimmingdetoxtea",4
"123","2020-09-04","snowwhite",4
"124","2020-09-04","system",4
"125","2020-09-04","ultimatemaca",4
"126","2020-09-04","vitaminc",4
"127","2020-09-04","whitening",4
"128","2020-09-04","whiteninginjection",4
"129","2020-09-04","whiteningpills",4
"130","2020-09-07","hellobabes",4
"131","2020-09-09","‚",4
"132","2020-09-10","curve",4
"133","2020-09-10","extract",4
"134","2020-09-10","max",4
"135","2020-09-16","ayoolaiya",4
"136","2020-09-16","bbnaija",4
"137","2020-09-16","ma",4
"138","2020-09-17","guys",4
"139","2020-09-18","brand",4
"140","2020-09-18","branding",4
"141","2020-09-18","grow",4
"142","2020-09-06","glutathione",3
"143","2020-09-06","journey",3
"144","2020-09-07","acne",3
"145","2020-09-07","body",3
"146","2020-09-07","increase",3
"147","2020-09-07","naturally",3
"148","2020-09-07","overcome",3
"149","2020-09-07","supplement",3
"150","2020-09-09","acid",3
"151","2020-09-09","glutathione",3
"152","2020-09-10","body",3
"153","2020-09-10","fat",3
"154","2020-09-10","helps",3
"155","2020-09-10","lose",3
"156","2020-09-15","story",3
"157","2020-09-16","iamkennygeorge",3
"158","2020-09-16","obatidey",3
"159","2020-09-16","oosha",3
"160","2020-09-16","story",3
"161","2020-09-17","iamkennygeorge",3
"162","2020-09-17","movie",3
"163","2020-09-17","story",3
"164","2020-09-18","bbn",3
"165","2020-09-18","beautiful",3
"166","2020-09-18","branddesigner",3
"167","2020-09-18","brandidentity",3
"168","2020-09-18","brandname",3
"169","2020-09-18","brandstrategist",3
"170","2020-09-18","brandstrategy",3
"171","2020-09-18","brndmsk",3
"172","2020-09-18","business",3
"173","2020-09-18","craveinmedia",3
"174","2020-09-18","dailylogochallenge",3
"175","2020-09-18","dailylogos",3
"176","2020-09-18","faithniyidesigns",3
"177","2020-09-18","graphics",3
"178","2020-09-18","graphicsdesign",3
"179","2020-09-18","graphicsdesigner",3
"180","2020-09-18","intocreativity",3
"181","2020-09-18","lionprintworld",3
"182","2020-09-18","logoawesome",3
"183","2020-09-18","logobucket",3
"184","2020-09-18","logodesigner",3
"185","2020-09-18","logodesigns",3
"186","2020-09-18","logofashion",3
"187","2020-09-18","logomakers",3
"188","2020-09-18","logomakershq",3
"189","2020-09-18","logos",3
"190","2020-09-18","talk",3
"191","2020-09-18","thebrandingsam",3
"192","2020-09-18","therealpeteru",3
"193","2020-09-18","uidesign",3
"194","2020-09-18","uiux",3
"195","2020-09-18","uxtrends",3
"196","2020-09-06","pleaseuff",2
"197","2020-09-06","skin",2
"198","2020-09-07","acorbic",2
"199","2020-09-07","alada",2
"200","2020-09-07","bbnaija",2
"201","2020-09-07","bbnaijalive",2
"202","2020-09-07","bodysecrets",2
"203","2020-09-07","dry",2
"204","2020-09-07","dull",2
"205","2020-09-07","energy",2
"206","2020-09-07","erica",2
"207","2020-09-07","firming",2
"208","2020-09-07","frozencollagen",2
"209","2020-09-07","frozendetox",2
"210","2020-09-07","glutaberry",2
"211","2020-09-07","glutanex",2
"212","2020-09-07","glutathione",2
"213","2020-09-07","glutawhite",2
"214","2020-09-07","health",2
"215","2020-09-07","jaw",2
"216","2020-09-07","jawwhiteeggcrystalskin",2
"217","2020-09-07","joint",2
"218","2020-09-07","lachel",2
"219","2020-09-07","legallyflawlessbeautywhiteningflawlessskin",2
"220","2020-09-07","maca",2
"221","2020-09-07","miraclewhite",2
"222","2020-09-07","naira",2
"223","2020-09-07","nengi",2
"224","2020-09-07","neocell",2
"225","2020-09-07","price",2
"226","2020-09-07","reduce",2
"227","2020-09-07","removes",2
"228","2020-09-07","satinskinz",2
"229","2020-09-07","slimmingdetoxtea",2
"230","2020-09-07","snowwhite",2
"231","2020-09-07","ultimatemaca",2
"232","2020-09-07","vitaminc",2
"233","2020-09-07","whiteninginjection",2
"234","2020-09-07","whiteningpills",2
"235","2020-09-09","antioxidant",2
"236","2020-09-09","blood",2
"237","2020-09-09","improves",2
"238","2020-09-09","liver",2
"239","2020-09-09","metabolism",2
"240","2020-09-09","rejuvenation",2
"241","2020-09-10","appetite",2
"242","2020-09-10","aromatic",2
"243","2020-09-10","delicious",2
"244","2020-09-10","drink",2
"245","2020-09-10","fiber",2
"246","2020-09-10","ingredients",2
"247","2020-09-10","instant",2
"248","2020-09-10","makes",2
"249","2020-09-10","metabolism",2
"250","2020-09-10","skin",2
"251","2020-09-10","sucralose",2
"252","2020-09-10","sugar",2
"253","2020-09-10","tones",2
"254","2020-09-12","set",2
"255","2020-09-12","won‚t",2
"256","2020-09-15","‚‚‚‚‚‚‚‚‚‚‚‚‚‚",2
"257","2020-09-15","ayoolaiya",2
"258","2020-09-15","bachelors",2
"259","2020-09-15","directed",2
"260","2020-09-15","iamkennygeorge",2
"261","2020-09-15","managed",2
"262","2020-09-15","night",2
"263","2020-09-15","olaiya",2
"264","2020-09-15","oosha",2
"265","2020-09-15","packaged",2
"266","2020-09-15","produced",2
"267","2020-09-15","prolific",2
"268","2020-09-15","seunolaiyaofficial",2
"269","2020-09-15","tv",2
"270","2020-09-16","bachelors",2
"271","2020-09-16","bbnaijahotgist",2
"272","2020-09-16","bbnaijalockdown",2
"273","2020-09-16","bbnaijareunion",2
"274","2020-09-16","bbnaijaupdates",2
"275","2020-09-16","blackmagicdirector",2
"276","2020-09-16","dorothy",2
"277","2020-09-16","iamadunniade",2
"278","2020-09-16","ilikeback",2
"279","2020-09-16","iliketurtles",2
"280","2020-09-16","kikibakare",2
"281","2020-09-16","kikisdiaryx",2
"282","2020-09-16","laycon",2
"283","2020-09-16","likeall",2
"284","2020-09-16","likealways",2
"285","2020-09-16","likebackteam",2
"286","2020-09-16","likeforlikes",2
"287","2020-09-16","likelike",2
"288","2020-09-16","likeme",2
"289","2020-09-16","likes",2
"290","2020-09-16","likesfollowers",2
"291","2020-09-16","likesreturned",2
"292","2020-09-16","liketeam",2
"293","2020-09-16","monster",2
"294","2020-09-16","mylikecounts",2
"295","2020-09-16","nengi",2
"296","2020-09-16","night",2
"297","2020-09-16","olaiya",2
"298","2020-09-16","ozo",2
"299","2020-09-16","pepperthemreunion",2
"300","2020-09-16","rock",2
"301","2020-09-16","seunolaiyaofficial",2
"302","2020-09-16","shopposh",2
"303","2020-09-16","tagblender",2
"304","2020-09-16","trickytee",2
"305","2020-09-16","tv",2
"306","2020-09-16","vee",2
"307","2020-09-17","ayoolaiya",2
"308","2020-09-17","bachelors",2
"309","2020-09-17","craft",2
"310","2020-09-17","iamadunniade",2
"311","2020-09-17","love",2
"312","2020-09-17","night",2
"313","2020-09-17","olaiya",2
"314","2020-09-17","oosha",2
"315","2020-09-17","seunolaiyaofficial",2
"316","2020-09-17","tv",2
"317","2020-09-17","uufef",2
"318","2020-09-06","achieved",1
"319","2020-09-06","achieving",1
"320","2020-09-06","acorbic",1
"321","2020-09-06","alada",1
"322","2020-09-06","bbnaija",1
"323","2020-09-06","bbnaijalive",1
"324","2020-09-06","bodysecrets",1
"325","2020-09-06","building",1
"326","2020-09-06","buying",1
"327","2020-09-06","commitment",1
"328","2020-09-06","consistency",1
"329","2020-09-06","days",1
"330","2020-09-06","erica",1
"331","2020-09-06","flawless",1
"332","2020-09-06","frozencollagen",1
"333","2020-09-06","frozendetox",1
"334","2020-09-06","glutaberry",1
"335","2020-09-06","glutanex",1
"336","2020-09-06","glutawhite",1
"337","2020-09-06","hellobabes",1
"338","2020-09-06","jaw",1
"339","2020-09-06","jawwhiteeggcrystalskin",1
"340","2020-09-06","lachel",1
"341","2020-09-06","legallyflawlessbeautywhiteningflawlessskin",1
"342","2020-09-06","level",1
"343","2020-09-06","maca",1
"344","2020-09-06","miraclewhite",1
"345","2020-09-06","nengi",1
"346","2020-09-06","neocell",1
"347","2020-09-06","night",1
"348","2020-09-06","patience",1
"349","2020-09-06","queens",1
"350","2020-09-06","read",1
"351","2020-09-06","satinskinz",1
"352","2020-09-06","slimmingdetoxtea",1
"353","2020-09-06","snowwhite",1
"354","2020-09-06","supplement",1
"355","2020-09-06","supplements",1
"356","2020-09-06","takes",1
"357","2020-09-06","uff",1
"358","2020-09-06","ultimatemaca",1
"359","2020-09-06","vitaminc",1
"360","2020-09-06","whitening",1
"361","2020-09-06","whiteninginjection",1
"362","2020-09-06","whiteningpills",1
"363","2020-09-09","acorbic",1
"364","2020-09-09","agent",1
"365","2020-09-09","alada",1
"366","2020-09-09","allergy",1
"367","2020-09-09","ascorbic",1
"368","2020-09-09","bbnaija",1
"369","2020-09-09","bbnaijalive",1
"370","2020-09-09","bcomplex",1
"371","2020-09-09","benefits",1
"372","2020-09-09","biloba",1
"373","2020-09-09","body",1
"374","2020-09-09","bodysecrets",1
"375","2020-09-09","breast",1
"376","2020-09-09","cardiovascular",1
"377","2020-09-09","cell",1
"378","2020-09-09","circulation",1
"379","2020-09-09","combining",1
"380","2020-09-09","complexion",1
"381","2020-09-09","efficient",1
"382","2020-09-09","elastic",1
"383","2020-09-09","enhance",1
"384","2020-09-09","erica",1
"385","2020-09-09","everybox",1
"386","2020-09-09","fatigue",1
"387","2020-09-09","feeder",1
"388","2020-09-09","flourish",1
"389","2020-09-09","free",1
"390","2020-09-09","frozencollagen",1
"391","2020-09-09","frozendetox",1
"392","2020-09-09","function",1
"393","2020-09-09","functions",1
"394","2020-09-09","ginkgo",1
"395","2020-09-09","glutaberry",1
"396","2020-09-09","glutanex",1
"397","2020-09-09","glutawhite",1
"398","2020-09-09","hellobabes",1
"399","2020-09-09","hydroxocobalamin",1
"400","2020-09-09","increase",1
"401","2020-09-09","increases",1
"402","2020-09-09","ingredients",1
"403","2020-09-09","injection",1
"404","2020-09-09","jaw",1
"405","2020-09-09","jawwhiteeggcrystalskin",1
"406","2020-09-09","lachel",1
"407","2020-09-09","legallyflawlessbeautywhiteningflawlessskin",1
"408","2020-09-09","level",1
"409","2020-09-09","lipoic",1
"410","2020-09-09","maca",1
"411","2020-09-09","maintain",1
"412","2020-09-09","melanin",1
"413","2020-09-09","miraclewhite",1
"414","2020-09-09","naira",1
"415","2020-09-09","nengi",1
"416","2020-09-09","neocell",1
"417","2020-09-09","normal",1
"418","2020-09-09","patient",1
"419","2020-09-09","period",1
"420","2020-09-09","potential",1
"421","2020-09-09","price",1
"422","2020-09-09","production",1
"423","2020-09-09","promote",1
"424","2020-09-09","radical",1
"425","2020-09-09","red",1
"426","2020-09-09","reduce",1
"427","2020-09-09","regeneration",1
"428","2020-09-09","satinskinz",1
"429","2020-09-09","sets",1
"430","2020-09-09","skin",1
"431","2020-09-09","slimmingdetoxtea",1
"432","2020-09-09","snowwhite",1
"433","2020-09-09","suitable",1
"434","2020-09-09","supplement",1
"435","2020-09-09","suppress",1
"436","2020-09-09","texture",1
"437","2020-09-09","therapy",1
"438","2020-09-09","thioctic",1
"439","2020-09-09","tranexamic",1
"440","2020-09-09","ultimatemaca",1
"441","2020-09-09","vitamin",1
"442","2020-09-09","vitaminc",1
"443","2020-09-09","whitening",1
"444","2020-09-09","whiteninginjection",1
"445","2020-09-09","whiteningpills",1
"446","2020-09-09","women",1
"447","2020-09-10","‚",1
"448","2020-09-10","accelerate",1
"449","2020-09-10","accumulated",1
"450","2020-09-10","acorbic",1
"451","2020-09-10","addicts",1
"452","2020-09-10","administration‚",1
"453","2020-09-10","alada",1
"454","2020-09-10","bbnaija",1
"455","2020-09-10","bbnaijalive",1
"456","2020-09-10","bean",1
"457","2020-09-10","benefits",1
"458","2020-09-10","bodysecrets",1
"459","2020-09-10","boosts",1
"460","2020-09-10","brands",1
"461","2020-09-10","breasts",1
"462","2020-09-10","burn",1
"463","2020-09-10","burning",1
"464","2020-09-10","cactus",1
"465","2020-09-10","cc",1
"466","2020-09-10","certified",1
"467","2020-09-10","chromium",1
"468","2020-09-10","compared",1
"469","2020-09-10","complexion",1
"470","2020-09-10","creamer",1
"471","2020-09-10","dark",1
"472","2020-09-10","directions‚",1
"473","2020-09-10","dissolve",1
"474","2020-09-10","dong",1
"475","2020-09-10","drug",1
"476","2020-09-10","easy",1
"477","2020-09-10","energy",1
"478","2020-09-10","equivalent",1
"479","2020-09-10","erica",1
"480","2020-09-10","excessive",1
"481","2020-09-10","excretory",1
"482","2020-09-10","extracts",1
"483","2020-09-10","fats",1
"484","2020-09-10","fda",1
"485","2020-09-10","firm",1
"486","2020-09-10","food",1
"487","2020-09-10","freckles",1
"488","2020-09-10","frozencollagen",1
"489","2020-09-10","frozendetox",1
"490","2020-09-10","gain",1
"491","2020-09-10","glutaberry",1
"492","2020-09-10","glutanex",1
"493","2020-09-10","glutathione",1
"494","2020-09-10","glutawhite",1
"495","2020-09-10","gmp",1
"496","2020-09-10","grape",1
"497","2020-09-10","guaranteed",1
"498","2020-09-10","health",1
"499","2020-09-10","hellobabes",1
"500","2020-09-10","hot",1
"501","2020-09-10","it‚s",1
"502","2020-09-10","jaw",1
"503","2020-09-10","jawwhiteeggcrystalskin",1
"504","2020-09-10","key",1
"505","2020-09-10","kidney",1
"506","2020-09-10","lachel",1
"507","2020-09-10","lcarnitine",1
"508","2020-09-10","leading",1
"509","2020-09-10","legallyflawlessbeautywhiteningflawlessskin",1
"510","2020-09-10","lglutamine",1
"511","2020-09-10","lglutathione",1
"512","2020-09-10","lifts",1
"513","2020-09-10","light",1
"514","2020-09-10","loss",1
"515","2020-09-10","lovers",1
"516","2020-09-10","maca",1
"517","2020-09-10","manufactured",1
"518","2020-09-10","materials",1
"519","2020-09-10","meal",1
"520","2020-09-10","melasma",1
"521","2020-09-10","minutes",1
"522","2020-09-10","miraclewhite",1
"523","2020-09-10","nengi",1
"524","2020-09-10","neocell",1
"525","2020-09-10","no‚",1
"526","2020-09-10","nondairy",1
"527","2020-09-10","nourishes",1
"528","2020-09-10","picolinate",1
"529","2020-09-10","plant",1
"530","2020-09-10","product",1
"531","2020-09-10","quai",1
"532","2020-09-10","quality",1
"533","2020-09-10","quantity‚",1
"534","2020-09-10","raw",1
"535","2020-09-10","reduces",1
"536","2020-09-10","reg‚",1
"537","2020-09-10","sachet",1
"538","2020-09-10","sachets",1
"539","2020-09-10","sagging",1
"540","2020-09-10","satinskinz",1
"541","2020-09-10","seed",1
"542","2020-09-10","slim",1
"543","2020-09-10","slimmingdetoxtea",1
"544","2020-09-10","snowwhite",1
"545","2020-09-10","spots",1
"546","2020-09-10","standard",1
"547","2020-09-10","starch",1
"548","2020-09-10","stimulate",1
"549","2020-09-10","stimulates",1
"550","2020-09-10","substance",1
"551","2020-09-10","sugarfree",1
"552","2020-09-10","suitable",1
"553","2020-09-10","supplement",1
"554","2020-09-10","suppress",1
"555","2020-09-10","suppresses",1
"556","2020-09-10","sweetener",1
"557","2020-09-10","system",1
"558","2020-09-10","tightens",1
"559","2020-09-10","tone",1
"560","2020-09-10","trap",1
"561","2020-09-10","traps",1
"562","2020-09-10","ultimatemaca",1
"563","2020-09-10","vagina",1
"564","2020-09-10","vitamin",1
"565","2020-09-10","vitaminc",1
"566","2020-09-10","water",1
"567","2020-09-10","wellselected",1
"568","2020-09-10","white",1
"569","2020-09-10","whiteninginjection",1
"570","2020-09-10","whiteningpills",1
"571","2020-09-12","‚‚‚‚‚‚‚‚‚‚‚‚‚‚‚",1
"572","2020-09-12","akanda",1
"573","2020-09-12","ayinde",1
"574","2020-09-12","can‚t",1
"575","2020-09-12","concept",1
"576","2020-09-12","directed",1
"577","2020-09-12","golddust",1
"578","2020-09-12","habibat",1
"579","2020-09-12","movie",1
"580","2020-09-12","mumsy",1
"581","2020-09-12","mydemartins",1
"582","2020-09-12","okikiafo",1
"583","2020-09-12","powered",1
"584","2020-09-12","produced",1
"585","2020-09-12","scripted",1
"586","2020-09-12","sindodotayo",1
"587","2020-09-12","tired",1
"588","2020-09-12","ufc",1
"589","2020-09-15","abbeylanre",1
"590","2020-09-15","adebowaleemmanuelpencil",1
"591","2020-09-15","adigunnafhizat",1
"592","2020-09-15","alakeolalekan",1
"593","2020-09-15","anytime",1
"594","2020-09-15","ayo",1
"595","2020-09-15","blackmagicdirector",1
"596","2020-09-15","bless",1
"597","2020-09-15","bodacious",1
"598","2020-09-15","bts",1
"599","2020-09-15","bumzydiva",1
"600","2020-09-15","call",1
"601","2020-09-15","cc",1
"602","2020-09-15","channel",1
"603","2020-09-15","colleague",1
"604","2020-09-15","connection",1
"605","2020-09-15","core",1
"606","2020-09-15","designed",1
"607","2020-09-15","director",1
"608","2020-09-15","directors",1
"609","2020-09-15","editor",1
"610","2020-09-15","feelings",1
"611","2020-09-15","femironaldo",1
"612","2020-09-15","filming",1
"613","2020-09-15","films",1
"614","2020-09-15","george",1
"615","2020-09-15","god",1
"616","2020-09-15","griped",1
"617","2020-09-15","iamadunniade",1
"618","2020-09-15","iamiwalewa",1
"619","2020-09-15","i‚ve",1
"620","2020-09-15","iceteemovieconcept",1
"621","2020-09-15","ignited",1
"622","2020-09-15","irianjotv",1
"623","2020-09-15","ite",1
"624","2020-09-15","iyalayagallant",1
"625","2020-09-15","kan",1
"626","2020-09-15","kehinde",1
"627","2020-09-15","kemisolaomotola",1
"628","2020-09-15","kenny",1
"629","2020-09-15","kikibakare",1
"630","2020-09-15","kindly",1
"631","2020-09-15","lighted",1
"632","2020-09-15","love",1
"633","2020-09-15","meji",1
"634","2020-09-15","movie",1
"635","2020-09-15","mystery",1
"636","2020-09-15","oba",1
"637","2020-09-15","obatidey",1
"638","2020-09-15","officialbabaibe",1
"639","2020-09-15","okikiafo",1
"640","2020-09-15","omoakinnimi",1
"641","2020-09-15","ooshatv",1
"642","2020-09-15","opeemedia",1
"643","2020-09-15","package",1
"644","2020-09-15","play",1
"645","2020-09-15","pleasure",1
"646","2020-09-15","powered",1
"647","2020-09-15","production",1
"648","2020-09-15","psychology",1
"649","2020-09-15","quadriokikiolababatunde",1
"650","2020-09-15","recorded",1
"651","2020-09-15","saheedferanmijelili",1
"652","2020-09-15","sajetiologa",1
"653","2020-09-15","seemingly",1
"654","2020-09-15","senior",1
"655","2020-09-15","set",1
"656","2020-09-15","seun",1
"657","2020-09-15","shot",1
"658","2020-09-15","sindodotayo",1
"659","2020-09-15","sist",1
"660","2020-09-15","sister",1
"661","2020-09-15","slated",1
"662","2020-09-15","smcphotographypro",1
"663","2020-09-15","sound",1
"664","2020-09-15","subscribe",1
"665","2020-09-15","sunkanmifasasi",1
"666","2020-09-15","takefilmacademy",1
"667","2020-09-15","team",1
"668","2020-09-15","tragedy",1
"669","2020-09-15","tundedickson",1
"670","2020-09-15","ufb",1
"671","2020-09-15","uff",1
"672","2020-09-15","values",1
"673","2020-09-15","wonderful",1
"674","2020-09-15","written",1
"675","2020-09-15","youtube",1
"676","2020-09-17","‚‚‚‚‚‚‚‚‚‚‚‚‚‚",1
"677","2020-09-17","‚‚‚‚‚‚‚‚‚‚‚‚‚‚‚",1
"678","2020-09-17","actor",1
"679","2020-09-17","adebowaleemmanuelpencil",1
"680","2020-09-17","adigunnafhizat",1
"681","2020-09-17","‚i",1
"682","2020-09-17","alakeolalekan",1
"683","2020-09-17","award",1
"684","2020-09-17","awesome",1
"685","2020-09-17","awesomely",1
"686","2020-09-17","ayo",1
"687","2020-09-17","beautiful",1
"688","2020-09-17","blackmagic",1
"689","2020-09-17","blackmagicdirector",1
"690","2020-09-17","bring",1
"691","2020-09-17","bts",1
"692","2020-09-17","bumzydiva",1
"693","2020-09-17","cast",1
"694","2020-09-17","category",1
"695","2020-09-17","cc",1
"696","2020-09-17","channel",1
"697","2020-09-17","crew",1
"698","2020-09-17","designed",1
"699","2020-09-17","directed",1
"700","2020-09-17","edition",1
"701","2020-09-17","editor",1
"702","2020-09-17","encouragement",1
"703","2020-09-17","excited",1
"704","2020-09-17","favourite",1
"705","2020-09-17","films",1
"706","2020-09-17","forever",1
"707","2020-09-17","george",1
"708","2020-09-17","gist",1
"709","2020-09-17","granted‚",1
"710","2020-09-17","griped",1
"711","2020-09-17","happen",1
"712","2020-09-17","home",1
"713","2020-09-17","huge",1
"714","2020-09-17","iamiwalewa",1
"715","2020-09-17","iceteemovieconcept",1
"716","2020-09-17","infoyorubamoviegistcom",1
"717","2020-09-17","irianjotv",1
"718","2020-09-17","iyalayagallant",1
"719","2020-09-17","kehinde",1
"720","2020-09-17","kelvin",1
"721","2020-09-17","kemisolaomotola",1
"722","2020-09-17","kenny",1
"723","2020-09-17","kikibakare",1
"724","2020-09-17","kindly",1
"725","2020-09-17","lead",1
"726","2020-09-17","let‚s",1
"727","2020-09-17","lighted",1
"728","2020-09-17","lot",1
"729","2020-09-17","managed",1
"730","2020-09-17","means",1
"731","2020-09-17","momma",1
"732","2020-09-17","moster",1
"733","2020-09-17","mystery",1
"734","2020-09-17","news",1
"735","2020-09-17","nominations",1
"736","2020-09-17","nominees",1
"737","2020-09-17","obatidey",1
"738","2020-09-17","obazee",1
"739","2020-09-17","omoakinnimi",1
"740","2020-09-17","ooshatv",1
"741","2020-09-17","opeemedia",1
"742","2020-09-17","package",1
"743","2020-09-17","packaged",1
"744","2020-09-17","person",1
"745","2020-09-17","personality",1
"746","2020-09-17","powered",1
"747","2020-09-17","prestigious",1
"748","2020-09-17","produced",1
"749","2020-09-17","production",1
"750","2020-09-17","psychology",1
"751","2020-09-17","pushing",1
"752","2020-09-17","putting",1
"753","2020-09-17","quadriokikiolababatunde",1
"754","2020-09-17","quiet",1
"755","2020-09-17","recorded",1
"756","2020-09-17","recover",1
"757","2020-09-17","repost",1
"758","2020-09-17","respect",1
"759","2020-09-17","saheedferanmijelili",1
"760","2020-09-17","sajetiologa",1
"761","2020-09-17","sending",1
"762","2020-09-17","set",1
"763","2020-09-17","seun",1
"764","2020-09-17","shot",1
"765","2020-09-17","slated",1
"766","2020-09-17","smcphotographypro",1
"767","2020-09-17","soul",1
"768","2020-09-17","sound",1
"769","2020-09-17","speaks",1
"770","2020-09-17","stand",1
"771","2020-09-17","start",1
"772","2020-09-17","subscribe",1
"773","2020-09-17","sunkanmifasasi",1
"774","2020-09-17","super",1
"775","2020-09-17","takefilmacademy",1
"776","2020-09-17","taking",1
"777","2020-09-17","till",1
"778","2020-09-17","tragedy",1
"779","2020-09-17","ufa",1
"780","2020-09-17","ufaa",1
"781","2020-09-17","uffuffuufefuufefuufefufaaufaaufaaufd",1
"782","2020-09-17","unsaid",1
"783","2020-09-17","volume",1
"784","2020-09-17","vote",1
"785","2020-09-17","voting",1
"786","2020-09-17","wizard",1
"787","2020-09-17","words",1
"788","2020-09-17","written",1
"789","2020-09-17","yo",1
"790","2020-09-17","yoruba",1
"791","2020-09-17","yorubamoviegistawardsgmailcom",1
"792","2020-09-17","you‚ve",1
"793","2020-09-17","youtube",1
